--LONOP  - code group
INSERT INTO t901_code_lookup
(c901_code_id, c901_code_nm, c901_code_grp,c901_active_fl, c901_code_seq_no, c902_code_nm_alt, c901_control_type, c901_created_by, c901_created_date)
VALUES
(26241141,'Loaner Reconciliation to Quarantine','LONOP','1','','','','2173387',CURRENT_DATE);

--RLTXN - code group
INSERT INTO t901_code_lookup
(c901_code_id, c901_code_nm, c901_code_grp,c901_active_fl, c901_code_seq_no, c902_code_nm_alt, c901_control_type, c901_created_by, c901_created_date)
VALUES
(26241142,'Loaner Reconciliation to Quarantine','RLTXN','1','','','','2173387',CURRENT_DATE);

--
INSERT INTO t906_rules (C906_RULE_SEQ_ID,C906_RULE_ID,C906_RULE_DESC,C906_RULE_VALUE,C906_CREATED_DATE,C906_RULE_GRP_ID,C906_CREATED_BY)
VALUES (S906_RULE.NEXTVAL,'4078',null,'26240132',current_date,'26241141','303149');

INSERT INTO t906_rules (C906_RULE_SEQ_ID,C906_RULE_ID,C906_RULE_DESC,C906_RULE_VALUE,C906_CREATED_DATE,C906_RULE_GRP_ID,C906_CREATED_BY)
VALUES (S906_RULE.NEXTVAL,'CONTROL_REQUIRED',null,null,current_date,'26241141','303149');

INSERT INTO t906_rules (C906_RULE_SEQ_ID,C906_RULE_ID,C906_RULE_DESC,C906_RULE_VALUE,C906_CREATED_DATE,C906_RULE_GRP_ID,C906_CREATED_BY) 
VALUES (S906_RULE.NEXTVAL,'FN_CONTROL',null,'LNRECON-QN_C',current_date,'26241141','303149');

INSERT INTO t906_rules (C906_RULE_SEQ_ID,C906_RULE_ID,C906_RULE_DESC,C906_RULE_VALUE,C906_CREATED_DATE,C906_RULE_GRP_ID,C906_CREATED_BY) 
VALUES (S906_RULE.NEXTVAL,'FN_INITIATE',null,'LNRECON-QN_I',current_date,'26241141','303149');

INSERT INTO t906_rules (C906_RULE_SEQ_ID,C906_RULE_ID,C906_RULE_DESC,C906_RULE_VALUE,C906_CREATED_DATE,C906_RULE_GRP_ID,C906_CREATED_BY) 
VALUES (S906_RULE.NEXTVAL,'FN_VERIFY',null,'LNRECON-QN_V',current_date,'26241141','303149');

INSERT INTO t906_rules (C906_RULE_SEQ_ID,C906_RULE_ID,C906_RULE_DESC,C906_RULE_VALUE,C906_CREATED_DATE,C906_RULE_GRP_ID,C906_CREATED_BY)
VALUES (S906_RULE.NEXTVAL,'ICE_HEADER',null,'Loaner Reconciliation to Quarantine',current_date,'26241141','303149');

INSERT INTO t906_rules (C906_RULE_SEQ_ID,C906_RULE_ID,C906_RULE_DESC,C906_RULE_VALUE,C906_CREATED_DATE,C906_RULE_GRP_ID,C906_CREATED_BY) 
VALUES (S906_RULE.NEXTVAL,'ICE_LABEL',null,null,current_date,'26241141','303149');

INSERT INTO t906_rules (C906_RULE_SEQ_ID,C906_RULE_ID,C906_RULE_DESC,C906_RULE_VALUE,C906_CREATED_DATE,C906_RULE_GRP_ID,C906_CREATED_BY) 
VALUES (S906_RULE.NEXTVAL,'ICE_MESSAGE',null,null,current_date,'26241141','303149');

INSERT INTO t906_rules (C906_RULE_SEQ_ID,C906_RULE_ID,C906_RULE_DESC,C906_RULE_VALUE,C906_CREATED_DATE,C906_RULE_GRP_ID,C906_CREATED_BY)
VALUES (S906_RULE.NEXTVAL,'ICE_RULE_AJAX',null,null,current_date,'26241141','303149');

INSERT INTO t906_rules (C906_RULE_SEQ_ID,C906_RULE_ID,C906_RULE_DESC,C906_RULE_VALUE,C906_CREATED_DATE,C906_RULE_GRP_ID,C906_CREATED_BY)
VALUES (S906_RULE.NEXTVAL,'ICE_SHIPTO',null,null,current_date,'26241141','303149');

INSERT INTO t906_rules (C906_RULE_SEQ_ID,C906_RULE_ID,C906_RULE_DESC,C906_RULE_VALUE,C906_CREATED_DATE,C906_RULE_GRP_ID,C906_CREATED_BY) 
VALUES (S906_RULE.NEXTVAL,'ICE_TXN_STATUS',null,'PROCESS',current_date,'26241141','303149');

INSERT INTO t906_rules (C906_RULE_SEQ_ID,C906_RULE_ID,C906_RULE_DESC,C906_RULE_VALUE,C906_CREATED_DATE,C906_RULE_GRP_ID,C906_CREATED_BY) 
VALUES (S906_RULE.NEXTVAL,'ICE_TYPE',null,null,current_date,'26241141','303149');

INSERT INTO t906_rules (C906_RULE_SEQ_ID,C906_RULE_ID,C906_RULE_DESC,C906_RULE_VALUE,C906_CREATED_DATE,C906_RULE_GRP_ID,C906_CREATED_BY)
VALUES (S906_RULE.NEXTVAL,'IC_VERIFY_MSG',null,null,current_date,'26241141','303149');

INSERT INTO t906_rules (C906_RULE_SEQ_ID,C906_RULE_ID,C906_RULE_DESC,C906_RULE_VALUE,C906_CREATED_DATE,C906_RULE_GRP_ID,C906_CREATED_BY) 
VALUES (S906_RULE.NEXTVAL,'INCLUDE_RULE_ENGINE',null,'YES',current_date,'26241141','303149');

INSERT INTO t906_rules (C906_RULE_SEQ_ID,C906_RULE_ID,C906_RULE_DESC,C906_RULE_VALUE,C906_CREATED_DATE,C906_RULE_GRP_ID,C906_CREATED_BY) 
VALUES (S906_RULE.NEXTVAL,'INHIC_HEADER',null,null,current_date,'26241141','303149');

INSERT INTO t906_rules (C906_RULE_SEQ_ID,C906_RULE_ID,C906_RULE_DESC,C906_RULE_VALUE,C906_CREATED_DATE,C906_RULE_GRP_ID,C906_CREATED_BY) 
VALUES (S906_RULE.NEXTVAL,'INHIC_LABEL',null,null,current_date,'26241141','303149');

INSERT INTO t906_rules (C906_RULE_SEQ_ID,C906_RULE_ID,C906_RULE_DESC,C906_RULE_VALUE,C906_CREATED_DATE,C906_RULE_GRP_ID,C906_CREATED_BY) 
VALUES (S906_RULE.NEXTVAL,'INHIC_MESSAGE',null,null,current_date,'26241141','303149');

INSERT INTO t906_rules (C906_RULE_SEQ_ID,C906_RULE_ID,C906_RULE_DESC,C906_RULE_VALUE,C906_CREATED_DATE,C906_RULE_GRP_ID,C906_CREATED_BY) 
VALUES (S906_RULE.NEXTVAL,'INTP_GRP',null,'26241141',current_date,'26241141','303149');

INSERT INTO t906_rules (C906_RULE_SEQ_ID,C906_RULE_ID,C906_RULE_DESC,C906_RULE_VALUE,C906_CREATED_DATE,C906_RULE_GRP_ID,C906_CREATED_BY) 
VALUES (S906_RULE.NEXTVAL,'INV_POST_ID',null,'48066',current_date,'26241141','303149');

INSERT INTO t906_rules (C906_RULE_SEQ_ID,C906_RULE_ID,C906_RULE_DESC,C906_RULE_VALUE,C906_CREATED_DATE,C906_RULE_GRP_ID,C906_CREATED_BY) 
VALUES (S906_RULE.NEXTVAL,'MINUS',null,null,current_date,'26241141','303149');

INSERT INTO t906_rules (C906_RULE_SEQ_ID,C906_RULE_ID,C906_RULE_DESC,C906_RULE_VALUE,C906_CREATED_DATE,C906_RULE_GRP_ID,C906_CREATED_BY) 
VALUES (S906_RULE.NEXTVAL,'PLUS',null,'QTY_IN_QUARANTINE',current_date,'26241141','303149');

INSERT INTO t906_rules (C906_RULE_SEQ_ID,C906_RULE_ID,C906_RULE_DESC,C906_RULE_VALUE,C906_CREATED_DATE,C906_RULE_GRP_ID,C906_CREATED_BY) 
VALUES (S906_RULE.NEXTVAL,'POSTING_REF_FL',null,'Y',current_date,'26241141','706310');

INSERT INTO t906_rules (C906_RULE_SEQ_ID,C906_RULE_ID,C906_RULE_DESC,C906_RULE_VALUE,C906_CREATED_DATE,C906_RULE_GRP_ID,C906_CREATED_BY) 
VALUES (S906_RULE.NEXTVAL,'STOCK_KEY',null,null,current_date,'26241141','303149');

INSERT INTO t906_rules (C906_RULE_SEQ_ID,C906_RULE_ID,C906_RULE_DESC,C906_RULE_VALUE,C906_CREATED_DATE,C906_RULE_GRP_ID,C906_CREATED_BY) 
VALUES (S906_RULE.NEXTVAL,'STR_OPT',null,null,current_date,'26241141','303149');

INSERT INTO t906_rules (C906_RULE_SEQ_ID,C906_RULE_ID,C906_RULE_DESC,C906_RULE_VALUE,C906_CREATED_DATE,C906_RULE_GRP_ID,C906_CREATED_BY) 
VALUES (S906_RULE.NEXTVAL,'TRANS_CODELIST',null,null,current_date,'26241141','303149');

INSERT INTO t906_rules (C906_RULE_SEQ_ID,C906_RULE_ID,C906_RULE_DESC,C906_RULE_VALUE,C906_CREATED_DATE,C906_RULE_GRP_ID,C906_CREATED_BY) 
VALUES (S906_RULE.NEXTVAL,'TRANS_ID',null,'26241141',current_date,'26241141','303149');

INSERT INTO t906_rules (C906_RULE_SEQ_ID,C906_RULE_ID,C906_RULE_DESC,C906_RULE_VALUE,C906_CREATED_DATE,C906_RULE_GRP_ID,C906_CREATED_BY) 
VALUES (S906_RULE.NEXTVAL,'TRANS_LABEL',null,null,current_date,'26241141','303149');

INSERT INTO t906_rules (C906_RULE_SEQ_ID,C906_RULE_ID,C906_RULE_DESC,C906_RULE_VALUE,C906_CREATED_DATE,C906_RULE_GRP_ID,C906_CREATED_BY) 
VALUES (S906_RULE.NEXTVAL,'TRANS_PREFIX',null,'LRQN-',current_date,'26241141','303149');

INSERT INTO t906_rules (C906_RULE_SEQ_ID,C906_RULE_ID,C906_RULE_DESC,C906_RULE_VALUE,C906_CREATED_DATE,C906_RULE_GRP_ID,C906_CREATED_BY) 
VALUES (S906_RULE.NEXTVAL,'TRANS_RLTXN',null,'26241142',current_date,'26241141','303149');

INSERT INTO t906_rules (C906_RULE_SEQ_ID,C906_RULE_ID,C906_RULE_DESC,C906_RULE_VALUE,C906_CREATED_DATE,C906_RULE_GRP_ID,C906_CREATED_BY) 
VALUES (S906_RULE.NEXTVAL,'TRANS_TABLE',null,'IN_HOUSE',current_date,'26241141','303149');

--security Access 
INSERT INTO T1520_FUNCTION_LIST(C1520_FUNCTION_ID, C1520_FUNCTION_NM, C1520_FUNCTION_DESC, C1520_CREATED_DATE, C1520_CREATED_BY,C901_TYPE)
VALUES ('IS-INHOUSE_I','Inhouse Set to IH Inv-FN_INITIATE','Users in this security event will have the ability to Control a Loaner to Quaratine transaction (LRQN).',current_date,'303149','92267');

INSERT INTO T1520_FUNCTION_LIST (C1520_FUNCTION_ID,C1520_FUNCTION_NM,C1520_FUNCTION_DESC,C1520_INHERITED_FROM_ID,C901_TYPE,C1520_VOID_FL,C1520_CREATED_BY,C1520_CREATED_DATE,C1520_LAST_UPDATED_BY,C1520_LAST_UPDATED_DATE)
VALUES ('LNRECON-QN_C','LNRECON-QN_C','Users in this security event will have the ability to Control a Loaner to Quaratine transaction (LRQN).',null,92267,null,'303013',current_date,'303013',current_date);

INSERT INTO T1520_FUNCTION_LIST (C1520_FUNCTION_ID,C1520_FUNCTION_NM,C1520_FUNCTION_DESC,C1520_INHERITED_FROM_ID,C901_TYPE,C1520_VOID_FL,C1520_CREATED_BY,C1520_CREATED_DATE,C1520_LAST_UPDATED_BY,C1520_LAST_UPDATED_DATE) 
VALUES ('LNRECON-QN_I','LNRECON-QN_I','Users in this security event will have the ability to Initiate a Loaner to Quaratine transaction (LRQN).',null,92267,null,'303013',current_date,'303013',current_date);

INSERT INTO T1520_FUNCTION_LIST (C1520_FUNCTION_ID,C1520_FUNCTION_NM,C1520_FUNCTION_DESC,C1520_INHERITED_FROM_ID,C901_TYPE,C1520_VOID_FL,C1520_CREATED_BY,C1520_CREATED_DATE,C1520_LAST_UPDATED_BY,C1520_LAST_UPDATED_DATE)
VALUES ('LNRECON-QN_V','LNRECON-QN_V','Users in this security event will have the ability to Verify a Loaner to Quaratine transaction (LRQN).',null,92267,null,'303013',current_date,'303013',current_date);
--
DELETE FROM t1530_access where  C1520_FUNCTION_ID IN ('LNRECON-QN_C','LNRECON-QN_V','LNRECON-QN_V','LNRECON-QN_I','LNRECON-QN_C');

INSERT into t1500_group (C1500_GROUP_ID,C1500_GROUP_NM,C1500_GROUP_DESC,C1500_VOID_FL,C1500_CREATED_BY,C1500_CREATED_DATE,C1500_LAST_UPDATED_BY,C1500_LAST_UPDATED_DATE,C901_GROUP_TYPE) 
values ('QUARANTINE_ACCESS','Quarantine','User able to verify LRQN transaction fromCust service Home screen',null,'303013',current_date,'2146944',current_date,92264);

INSERT INTO t1530_access (C1530_ACCESS_ID,C1500_GROUP_ID,C1520_FUNCTION_ID,C101_PARTY_ID,C1530_UPDATE_ACCESS_FL,C1530_READ_ACCESS_FL,C1530_VOID_ACCESS_FL,C1530_VOID_FL,C1530_CREATED_BY,C1530_CREATED_DATE,C1530_LAST_UPDATED_BY,C1530_LAST_UPDATED_DATE) 
VALUES (S1530_ACCESS.nextval,'QUARANTINE_ACCESS','LNRECON-QN_C',null,'Y',null,null,'Y','303013',current_date,'303150',current_date);

INSERT INTO t1530_access (C1530_ACCESS_ID,C1500_GROUP_ID,C1520_FUNCTION_ID,C101_PARTY_ID,C1530_UPDATE_ACCESS_FL,C1530_READ_ACCESS_FL,C1530_VOID_ACCESS_FL,C1530_VOID_FL,C1530_CREATED_BY,C1530_CREATED_DATE,C1530_LAST_UPDATED_BY,C1530_LAST_UPDATED_DATE,C1520_PARENT_FUNCTION_ID,C1530_FUNCTION_NM,C1530_SEQ_NO,C1530_LAST_UPDATED_DATE_UTC) 
VALUES (S1530_ACCESS.nextval,'100000110','LNRECON-QN_C',null,'Y','Y','Y',null,'871745',CURRENT_DATE,null,null,null,null,null,null);

INSERT INTO t1530_access (C1530_ACCESS_ID,C1500_GROUP_ID,C1520_FUNCTION_ID,C101_PARTY_ID,C1530_UPDATE_ACCESS_FL,C1530_READ_ACCESS_FL,C1530_VOID_ACCESS_FL,C1530_VOID_FL,C1530_CREATED_BY,C1530_CREATED_DATE,C1530_LAST_UPDATED_BY,C1530_LAST_UPDATED_DATE,C1520_PARENT_FUNCTION_ID,C1530_FUNCTION_NM,C1530_SEQ_NO,C1530_LAST_UPDATED_DATE_UTC)
VALUES (S1530_ACCESS.nextval,'100022','LNRECON-QN_C',null,'Y','Y','Y',null,'871745',CURRENT_DATE,null,null,null,null,null,null);

INSERT INTO t1530_access (C1530_ACCESS_ID,C1500_GROUP_ID,C1520_FUNCTION_ID,C101_PARTY_ID,C1530_UPDATE_ACCESS_FL,C1530_READ_ACCESS_FL,C1530_VOID_ACCESS_FL,C1530_VOID_FL,C1530_CREATED_BY,C1530_CREATED_DATE,C1530_LAST_UPDATED_BY,C1530_LAST_UPDATED_DATE,C1520_PARENT_FUNCTION_ID,C1530_FUNCTION_NM,C1530_SEQ_NO,C1530_LAST_UPDATED_DATE_UTC) 
VALUES (S1530_ACCESS.nextval,'QUARANTINE_ACCESS','LNRECON-QN_I',null,'Y',null,null,'Y','303013',current_date,'303150',CURRENT_DATE,null,null,null,null);

INSERT INTO t1530_access (C1530_ACCESS_ID,C1500_GROUP_ID,C1520_FUNCTION_ID,C101_PARTY_ID,C1530_UPDATE_ACCESS_FL,C1530_READ_ACCESS_FL,C1530_VOID_ACCESS_FL,C1530_VOID_FL,C1530_CREATED_BY,C1530_CREATED_DATE,C1530_LAST_UPDATED_BY,C1530_LAST_UPDATED_DATE,C1520_PARENT_FUNCTION_ID,C1530_FUNCTION_NM,C1530_SEQ_NO,C1530_LAST_UPDATED_DATE_UTC) 
VALUES (S1530_ACCESS.nextval,'100024','LNRECON-QN_I',null,'Y',null,null,'Y','303013',CURRENT_DATE,'1295247',CURRENT_DATE,null,null,null,null);

INSERT INTO t1530_access (C1530_ACCESS_ID,C1500_GROUP_ID,C1520_FUNCTION_ID,C101_PARTY_ID,C1530_UPDATE_ACCESS_FL,C1530_READ_ACCESS_FL,C1530_VOID_ACCESS_FL,C1530_VOID_FL,C1530_CREATED_BY,C1530_CREATED_DATE,C1530_LAST_UPDATED_BY,C1530_LAST_UPDATED_DATE,C1520_PARENT_FUNCTION_ID,C1530_FUNCTION_NM,C1530_SEQ_NO,C1530_LAST_UPDATED_DATE_UTC) 
VALUES (S1530_ACCESS.nextval,'100022','LNRECON-QN_I',null,'Y','Y','Y',null,'871745',CURRENT_DATE,null,null,null,null,null,null);

INSERT INTO t1530_access (C1530_ACCESS_ID,C1500_GROUP_ID,C1520_FUNCTION_ID,C101_PARTY_ID,C1530_UPDATE_ACCESS_FL,C1530_READ_ACCESS_FL,C1530_VOID_ACCESS_FL,C1530_VOID_FL,C1530_CREATED_BY,C1530_CREATED_DATE,C1530_LAST_UPDATED_BY,C1530_LAST_UPDATED_DATE,C1520_PARENT_FUNCTION_ID,C1530_FUNCTION_NM,C1530_SEQ_NO,C1530_LAST_UPDATED_DATE_UTC)
VALUES (S1530_ACCESS.nextval,'QUARANTINE_ACCESS','LNRECON-QN_V',null,'Y',null,null,'Y','303013',current_date,'303150',CURRENT_DATE,null,null,null,null);

INSERT INTO t1530_access (C1530_ACCESS_ID,C1500_GROUP_ID,C1520_FUNCTION_ID,C101_PARTY_ID,C1530_UPDATE_ACCESS_FL,C1530_READ_ACCESS_FL,C1530_VOID_ACCESS_FL,C1530_VOID_FL,C1530_CREATED_BY,C1530_CREATED_DATE,C1530_LAST_UPDATED_BY,C1530_LAST_UPDATED_DATE,C1520_PARENT_FUNCTION_ID,C1530_FUNCTION_NM,C1530_SEQ_NO,C1530_LAST_UPDATED_DATE_UTC)
VALUES (S1530_ACCESS.nextval,'100105','LNRECON-QN_V',null,'Y',null,null,null,'303013',CURRENT_DATE,null,null,null,null,null,null);

INSERT INTO t1530_access (C1530_ACCESS_ID,C1500_GROUP_ID,C1520_FUNCTION_ID,C101_PARTY_ID,C1530_UPDATE_ACCESS_FL,C1530_READ_ACCESS_FL,C1530_VOID_ACCESS_FL,C1530_VOID_FL,C1530_CREATED_BY,C1530_CREATED_DATE,C1530_LAST_UPDATED_BY,C1530_LAST_UPDATED_DATE,C1520_PARENT_FUNCTION_ID,C1530_FUNCTION_NM,C1530_SEQ_NO,C1530_LAST_UPDATED_DATE_UTC) 
VALUES (S1530_ACCESS.nextval,'100106','LNRECON-QN_V',null,'Y',null,null,null,'303013',CURRENT_DATE,null,null,null,null,null,null);

INSERT INTO t1530_access (C1530_ACCESS_ID,C1500_GROUP_ID,C1520_FUNCTION_ID,C101_PARTY_ID,C1530_UPDATE_ACCESS_FL,C1530_READ_ACCESS_FL,C1530_VOID_ACCESS_FL,C1530_VOID_FL,C1530_CREATED_BY,C1530_CREATED_DATE,C1530_LAST_UPDATED_BY,C1530_LAST_UPDATED_DATE,C1520_PARENT_FUNCTION_ID,C1530_FUNCTION_NM,C1530_SEQ_NO) 
VALUES (S1530_ACCESS.nextval,'100022','LNRECON-QN_V',null,'Y','Y','Y',null,'871745',CURRENT_DATE,null,null,null,null,null);

