--Consignment Job insert
DELETE T9300_JOB  WHERE C9300_JOB_NM = 'Score Card - Consignment';
Insert into T9300_JOB (C9300_JOB_ID,C9300_JOB_NM,C9300_WHAT,C9300_START_DATE,C9300_INTERVAL,C9300_NEXT_DATE,C9300_CREATED_BY,C9300_CREATED_DATE) 
values (s9300_job.NEXTVAL,'Score Card - Consignment','gm_pkg_sm_tag_consignment_history.gm_sc_tag_consignment_load_main()',to_date('07/30/2020','mm/dd/yyyy'),'TRUNC(SYSDATE+1)',sysdate,'941711',sysdate);

DELETE T9300_JOB  WHERE C9300_JOB_NM = 'Score Card - DO Vs Tag';
Insert into T9300_JOB (C9300_JOB_ID,C9300_JOB_NM,C9300_WHAT,C9300_START_DATE,C9300_INTERVAL,C9300_NEXT_DATE,C9300_CREATED_BY,C9300_CREATED_DATE) 
values (s9300_job.NEXTVAL,'Score Card - DO Vs Tag','gm_pkg_sm_tag_order_history.gm_sc_tag_order_hist_load_main()',to_date('07/30/2020','mm/dd/yyyy'),'TRUNC(SYSDATE+1)',sysdate,'941711',sysdate);

-- Turn rates for consignment sets for Degen and Trauma
DELETE T504H_CONSIGNMENT_TURN_RATE;

insert into T504H_CONSIGNMENT_TURN_RATE (C504H_MONTH_TURN, C504H_TURN_RATE, C901_SYSTEM_TYPE)
values (0,0,109845);
insert into T504H_CONSIGNMENT_TURN_RATE (C504H_MONTH_TURN, C504H_TURN_RATE, C901_SYSTEM_TYPE)
values (1,'2.5',109845);
insert into T504H_CONSIGNMENT_TURN_RATE (C504H_MONTH_TURN, C504H_TURN_RATE, C901_SYSTEM_TYPE)
values (2,'5.0',109845);
insert into T504H_CONSIGNMENT_TURN_RATE (C504H_MONTH_TURN, C504H_TURN_RATE, C901_SYSTEM_TYPE)
values (3,'7.5',109845);
insert into T504H_CONSIGNMENT_TURN_RATE (C504H_MONTH_TURN, C504H_TURN_RATE, C901_SYSTEM_TYPE)
values (4,'7.5',109845);
insert into T504H_CONSIGNMENT_TURN_RATE (C504H_MONTH_TURN, C504H_TURN_RATE, C901_SYSTEM_TYPE)
values (5,'7.5',109845);
insert into T504H_CONSIGNMENT_TURN_RATE (C504H_MONTH_TURN, C504H_TURN_RATE, C901_SYSTEM_TYPE)
values (6,'7.5',109845);
insert into T504H_CONSIGNMENT_TURN_RATE (C504H_MONTH_TURN, C504H_TURN_RATE, C901_SYSTEM_TYPE)
values (7,'7.5',109845);
insert into T504H_CONSIGNMENT_TURN_RATE (C504H_MONTH_TURN, C504H_TURN_RATE, C901_SYSTEM_TYPE)
values (8,'7.5',109845);
insert into T504H_CONSIGNMENT_TURN_RATE (C504H_MONTH_TURN, C504H_TURN_RATE, C901_SYSTEM_TYPE)
values (9,'7.5',109845);
insert into T504H_CONSIGNMENT_TURN_RATE (C504H_MONTH_TURN, C504H_TURN_RATE, C901_SYSTEM_TYPE)
values (10,'7.5',109845);
insert into T504H_CONSIGNMENT_TURN_RATE (C504H_MONTH_TURN, C504H_TURN_RATE, C901_SYSTEM_TYPE)
values (11,'7.5',109845);
insert into T504H_CONSIGNMENT_TURN_RATE (C504H_MONTH_TURN, C504H_TURN_RATE, C901_SYSTEM_TYPE)
values (12,'7.5',109845);

insert into T504H_CONSIGNMENT_TURN_RATE (C504H_MONTH_TURN, C504H_TURN_RATE, C901_SYSTEM_TYPE)
values (0,0,109846);
insert into T504H_CONSIGNMENT_TURN_RATE (C504H_MONTH_TURN, C504H_TURN_RATE, C901_SYSTEM_TYPE)
values (1,'2.0',109846);
insert into T504H_CONSIGNMENT_TURN_RATE (C504H_MONTH_TURN, C504H_TURN_RATE, C901_SYSTEM_TYPE)
values (2,'4.0',109846);
insert into T504H_CONSIGNMENT_TURN_RATE (C504H_MONTH_TURN, C504H_TURN_RATE, C901_SYSTEM_TYPE)
values (3,'6.0',109846);
insert into T504H_CONSIGNMENT_TURN_RATE (C504H_MONTH_TURN, C504H_TURN_RATE, C901_SYSTEM_TYPE)
values (4,'6.0',109846);
insert into T504H_CONSIGNMENT_TURN_RATE (C504H_MONTH_TURN, C504H_TURN_RATE, C901_SYSTEM_TYPE)
values (5,'6.0',109846);
insert into T504H_CONSIGNMENT_TURN_RATE (C504H_MONTH_TURN, C504H_TURN_RATE, C901_SYSTEM_TYPE)
values (6,'6.0',109846);
insert into T504H_CONSIGNMENT_TURN_RATE (C504H_MONTH_TURN, C504H_TURN_RATE, C901_SYSTEM_TYPE)
values (7,'6.0',109846);
insert into T504H_CONSIGNMENT_TURN_RATE (C504H_MONTH_TURN, C504H_TURN_RATE, C901_SYSTEM_TYPE)
values (8,'6.0',109846);
insert into T504H_CONSIGNMENT_TURN_RATE (C504H_MONTH_TURN, C504H_TURN_RATE, C901_SYSTEM_TYPE)
values (9,'6.0',109846);
insert into T504H_CONSIGNMENT_TURN_RATE (C504H_MONTH_TURN, C504H_TURN_RATE, C901_SYSTEM_TYPE)
values (10,'6.0',109846);
insert into T504H_CONSIGNMENT_TURN_RATE (C504H_MONTH_TURN, C504H_TURN_RATE, C901_SYSTEM_TYPE)
values (11,'6.0',109846);
insert into T504H_CONSIGNMENT_TURN_RATE (C504H_MONTH_TURN, C504H_TURN_RATE, C901_SYSTEM_TYPE)
values (12,'6.0',109846);

--system type
DELETE t901b_code_group_master WHERE C901B_CODE_GRP = 'CRSYTP';
INSERT INTO t901b_code_group_master
(C901B_CODE_GRP_ID, C901B_CODE_GRP , C901B_CODE_DESCRIPTION ,C901B_LOOKUP_NEEDED, C901B_CREATED_BY , C901B_CREATED_DATE)
VALUES 
(s901b_code_group_master.NEXTVAL,'CRSYTP','System Type, ex Degen or Trauma','','941711',CURRENT_DATE);
  
 
DELETE t901_code_lookup WHERE c901_code_id = 109845;
DELETE t901_code_lookup WHERE c901_code_id = 109846;

INSERT INTO t901_code_lookup
(c901_code_id, c901_code_nm, c901_code_grp,c901_active_fl, c901_code_seq_no, c902_code_nm_alt, c901_control_type, c901_created_by, c901_created_date)
VALUES 
(109845,'Degen','CRSYTP','1','1','','','941711',CURRENT_DATE);
 
INSERT INTO t901_code_lookup
(c901_code_id, c901_code_nm, c901_code_grp,c901_active_fl, c901_code_seq_no, c902_code_nm_alt, c901_control_type, c901_created_by, c901_created_date)
VALUES 
(109846,'Trauma','CRSYTP','1','2','','','941711',CURRENT_DATE);


--Critical system flag set
UPDATE T207_SET_MASTER
SET C207_critical_system_fl ='Y',
  C901_CRITICAL_SYSTEM_TYPE = 109845
WHERE C207_SET_ID          IN
  (SELECT C207_SET_ID
  FROM T207_SET_MASTER
  WHERE c207_set_nm NOT IN ( 'QUARTEX')
  AND C901_SET_GRP_TYPE=1600
  );

--Quartex is Trauma system
UPDATE T207_SET_MASTER
SET C207_critical_system_fl ='Y',
  C901_CRITICAL_SYSTEM_TYPE = 109846
WHERE C207_SET_ID          IN
  (SELECT C207_SET_ID
  FROM T207_SET_MASTER
  WHERE c207_set_nm IN ( 'QUARTEX')
  AND C901_SET_GRP_TYPE=1600
  );

-- Months to start
DELETE t906_rules WHERE c906_rule_id='ScoreCard';
  INSERT INTO t906_rules
				(c906_rule_seq_id, c906_rule_id,
				 c906_rule_value, C906_RULE_GRP_ID,
				 c906_created_date, c906_created_by)
			VALUES (
				s906_rule.NEXTVAL,
				'ScoreCard',
				'06/01/2020',
				'SC_START_DATE',
				SYSDATE,
				941711);